team_name,fifa_code,status,candidate,file,commons_title,image_url,source_page,license,license_url,artist,credit,error
Argentina,ARG,ok,,arg.png,,,,,,,,
Spain,ESP,ok,,esp.png,,,,,,,,
France,FRA,ok,,fra.png,,,,,,,,
England,ENG,ok,,eng.png,,,,,,,,
Portugal,POR,ok,,por.png,,,,,,,,
Brazil,BRA,ok,,bra.png,,,,,,,,
Morocco,MAR,ok,,mar.png,,,,,,,,
Netherlands,NED,ok,,ned.png,,,,,,,,
Belgium,BEL,ok,,bel.png,,,,,,,,
Germany,GER,ok,,ger.png,,,,,,,,
Croatia,CRO,ok,,cro.png,,,,,,,,
Italy,ITA,ok,,ita.png,,,,,,,,
Colombia,COL,ok,,col.png,,,,,,,,
Mexico,MEX,ok,,mex.png,,,,,,,,
Senegal,SEN,ok,,sen.png,,,,,,,,
Uruguay,URU,ok,,uru.png,,,,,,,,
USA,USA,ok,,usa.jpg,,,,,,,,
Japan,JPN,ok,,jpn.png,,,,,,,,
Switzerland,SUI,ok,,sui.png,,,,,,,,
IR Iran,IRN,ok,,irn.png,,,,,,,,
Denmark,DEN,ok,,den.png,,,,,,,,
Türkiye,TUR,ok,,tur.png,,,,,,,,
Ecuador,ECU,ok,,ecu.png,,,,,,,,
Austria,AUT,ok,,aut.png,,,,,,,,
Korea Republic,KOR,ok,,kor.png,,,,,,,,
Nigeria,NGA,ok,,nga.png,,,,,,,,
Australia,AUS,ok,,aus.png,,,,,,,,
Algeria,ALG,ok,,alg.png,,,,,,,,
Egypt,EGY,ok,,egy.png,,,,,,,,
Canada,CAN,ok,,can.png,,,,,,,,
Norway,NOR,ok,,nor.png,,,,,,,,
Ukraine,UKR,ok,,ukr.png,,,,,,,,
Côte d'Ivoire,CIV,ok,,civ.png,,,,,,,,
Panama,PAN,ok,,pan.png,,,,,,,,
Russia,RUS,ok,,rus.png,,,,,,,,
Poland,POL,ok,,pol.png,,,,,,,,
Wales,WAL,ok,,wal.png,,,,,,,,
Sweden,SWE,ok,,swe.png,,,,,,,,
Hungary,HUN,ok,,hun.png,,,,,,,,
Czechia,CZE,ok,,cze.png,,,,,,,,
Paraguay,PAR,ok,,par.png,,,,,,,,
Scotland,SCO,ok,,sco.png,,,,,,,,
Serbia,SRB,ok,,srb.png,,,,,,,,
Cameroon,CMR,ok,,cmr.png,,,,,,,,
Tunisia,TUN,ok,,tun.png,,,,,,,,
Congo DR,COD,ok,,cod.png,,,,,,,,
Slovakia,SVK,ok,,svk.png,,,,,,,,
Greece,GRE,ok,,gre.png,,,,,,,,
Venezuela,VEN,ok,,ven.png,,,,,,,,
Uzbekistan,UZB,ok,,uzb.png,,,,,,,,
Chile,CHI,ok,,chi.png,,,,,,,,
Peru,PER,ok,,per.png,,,,,,,,
Costa Rica,CRC,ok,,crc.png,,,,,,,,
Romania,ROU,ok,,rou.png,,,,,,,,
Mali,MLI,ok,,mli.png,,,,,,,,
Qatar,QAT,ok,,qat.png,,,,,,,,
Iraq,IRQ,ok,,irq.png,,,,,,,,
Republic of Ireland,IRL,ok,,irl.png,,,,,,,,
Slovenia,SVN,ok,,svn.png,,,,,,,,
South Africa,RSA,ok,,rsa.png,,,,,,,,
Saudi Arabia,KSA,ok,,ksa.png,,,,,,,,
Burkina Faso,BFA,ok,,bfa.png,,,,,,,,
Jordan,JOR,ok,,jor.png,,,,,,,,
Bosnia and Herzegovina,BIH,ok,,bih.png,,,,,,,,
Honduras,HON,ok,,hon.png,,,,,,,,
Albania,ALB,ok,,alb.png,,,,,,,,
Cabo Verde,CPV,ok,,cpv.png,,,,,,,,
United Arab Emirates,UAE,ok,,uae.png,,,,,,,,
North Macedonia,MKD,ok,,mkd.png,,,,,,,,
Northern Ireland,NIR,ok,,nir.png,,,,,,,,
Jamaica,JAM,ok,,jam.png,,,,,,,,
Georgia,GEO,ok,,geo.png,,,,,,,,
Ghana,GHA,ok,,gha.png,,,,,,,,
Iceland,ISL,ok,,isl.png,,,,,,,,
Finland,FIN,ok,,fin.png,,,,,,,,
Israel,ISR,ok,,isr.png,,,,,,,,
Bolivia,BOL,ok,,bol.png,,,,,,,,
Kosovo,KOS,ok,,kos.png,,,,,,,,
Oman,OMA,ok,,oma.png,,,,,,,,
Montenegro,MNE,ok,Montenegro,mne.png,File:Flag of Montenegro (1-1).svg,https://upload.wikimedia.org/wikipedia/commons/thumb/7/70/Flag_of_Montenegro_%281-1%29.svg/250px-Flag_of_Montenegro_%281-1%29.svg.png,https://commons.wikimedia.org/wiki/File:Flag%20of%20Montenegro%20%281-1%29.svg,Public domain,,Great Brightstar,File:Flag of Montenegro.svg,
Guinea,GUI,ok,,gui.png,,,,,,,,
Curaçao,CUW,ok,,cuw.png,,,,,,,,
Haiti,HAI,ok,,hai.png,,,,,,,,
Syria,SYR,ok,,syr.png,,,,,,,,
New Zealand,NZL,ok,,nzl.png,,,,,,,,
Gabon,GAB,ok,,gab.png,,,,,,,,
Bulgaria,BUL,ok,,bul.png,,,,,,,,
Angola,ANG,ok,,ang.png,,,,,,,,
Uganda,UGA,ok,,uga.png,,,,,,,,
Zambia,ZAM,ok,,zam.png,,,,,,,,
China PR,CHN,ok,,chn.png,,,,,,,,
Bahrain,BHR,ok,,bhr.png,,,,,,,,
Benin,BEN,ok,,ben.png,,,,,,,,
Thailand,THA,ok,,tha.png,,,,,,,,
Palestine,PLE,ok,,ple.png,,,,,,,,
Belarus,BLR,ok,,blr.png,,,,,,,,
Guatemala,GUA,ok,,gua.png,,,,,,,,
Luxembourg,LUX,ok,,lux.png,,,,,,,,
Vietnam,VIE,ok,,vie.png,,,,,,,,
El Salvador,SLV,ok,,slv.png,,,,,,,,
Tajikistan,TJK,ok,,tjk.png,,,,,,,,
Trinidad and Tobago,TRI,ok,,tri.png,,,,,,,,
Mozambique,MOZ,ok,,moz.png,,,,,,,,
Madagascar,MAD,ok,,mad.png,,,,,,,,
Equatorial Guinea,EQG,ok,,eqg.png,,,,,,,,
Kyrgyz Republic,KGZ,ok,,kgz.png,,,,,,,,
Armenia,ARM,ok,,arm.png,,,,,,,,
Comoros,COM,ok,,com.png,,,,,,,,
Kenya,KEN,ok,,ken.png,,,,,,,,
Libya,LBY,ok,,lby.png,,,,,,,,
Kazakhstan,KAZ,ok,,kaz.png,,,,,,,,
Tanzania,TAN,ok,,tan.png,,,,,,,,
Mauritania,MTN,ok,,mtn.png,,,,,,,,
Niger,NIG,ok,,nig.png,,,,,,,,
Lebanon,LBN,ok,,lbn.png,,,,,,,,
The Gambia,GAM,ok,,gam.png,,,,,,,,
Sudan,SDN,ok,,sdn.png,,,,,,,,
Indonesia,IDN,ok,,idn.png,,,,,,,,
Togo,TOG,ok,,tog.png,,,,,,,,
DPR Korea,PRK,ok,,prk.png,,,,,,,,
Namibia,NAM,ok,,nam.png,,,,,,,,
Sierra Leone,SLE,ok,,sle.png,,,,,,,,
Faroe Islands,FRO,ok,,fro.png,,,,,,,,
Cyprus,CYP,ok,,cyp.png,,,,,,,,
Suriname,SUR,ok,,sur.png,,,,,,,,
Azerbaijan,AZE,ok,,aze.png,,,,,,,,
Estonia,EST,ok,,est.png,,,,,,,,
Rwanda,RWA,ok,,rwa.png,,,,,,,,
Malawi,MWI,ok,,mwi.png,,,,,,,,
Zimbabwe,ZIM,ok,,zim.png,,,,,,,,
Nicaragua,NCA,ok,,nca.png,,,,,,,,
Guinea-Bissau,GNB,ok,,gnb.png,,,,,,,,
Kuwait,KUW,ok,,kuw.png,,,,,,,,
Congo,CGO,ok,,cgo.png,,,,,,,,
Philippines,PHI,ok,,phi.png,,,,,,,,
Malaysia,MAS,ok,,mas.png,,,,,,,,
Latvia,LVA,ok,,lva.png,,,,,,,,
India,IND,ok,,ind.png,,,,,,,,
Central African Republic,CTA,ok,,cta.png,,,,,,,,
Liberia,LBR,ok,,lbr.png,,,,,,,,
Turkmenistan,TKM,ok,,tkm.png,,,,,,,,
Burundi,BDI,ok,,bdi.png,,,,,,,,
Ethiopia,ETH,ok,,eth.png,,,,,,,,
Dominican Republic,DOM,ok,,dom.png,,,,,,,,
Yemen,YEM,ok,,yem.png,,,,,,,,
Lesotho,LES,ok,,les.png,,,,,,,,
Botswana,BOT,ok,,bot.png,,,,,,,,
Singapore,SGP,ok,,sgp.png,,,,,,,,
Lithuania,LTU,ok,,ltu.png,,,,,,,,
Guyana,GUY,ok,,guy.png,,,,,,,,
New Caledonia,NCL,ok,,ncl.png,,,,,,,,
St. Kitts and Nevis,SKN,ok,,skn.png,,,,,,,,
Solomon Islands,SOL,ok,,sol.png,,,,,,,,
Puerto Rico,PUR,ok,,pur.png,,,,,,,,
Fiji,FIJ,ok,,fij.png,,,,,,,,
Hong Kong,HKG,ok,,hkg.png,,,,,,,,
Tahiti,TAH,ok,,tah.png,,,,,,,,
Myanmar,MYA,ok,,mya.png,,,,,,,,
Moldova,MDA,ok,,mda.png,,,,,,,,
Vanuatu,VAN,ok,,van.png,,,,,,,,
Malta,MLT,ok,,mlt.png,,,,,,,,
Antigua and Barbuda,ATG,ok,Antigua and Barbuda,atg.png,"File:Flag of Antigua and Barbuda, vertical.svg",https://upload.wikimedia.org/wikipedia/commons/thumb/a/af/Flag_of_Antigua_and_Barbuda%2C_vertical.svg/250px-Flag_of_Antigua_and_Barbuda%2C_vertical.svg.png,https://commons.wikimedia.org/wiki/File:Flag%20of%20Antigua%20and%20Barbuda%2C%20vertical.svg,Public domain,,Original: Sir Reginald Samuel Vector:  Icon flag,This vector image was generated programmatically from geometry defined in File:Flag of Antigua and Barbuda (construction sheet).svg.,
Grenada,GRN,ok,,grn.png,,,,,,,,
Cuba,CUB,ok,,cub.png,,,,,,,,
Eswatini,SWZ,ok,,swz.png,,,,,,,,
St. Lucia,LCA,ok,,lca.png,,,,,,,,
Bermuda,BER,ok,,ber.png,,,,,,,,
Papua New Guinea,PNG,ok,,png.png,,,,,,,,
South Sudan,SSD,ok,,ssd.png,,,,,,,,
St. Vincent / Grenadines,VIN,ok,,vin.png,,,,,,,,
Afghanistan,AFG,ok,,afg.png,,,,,,,,
Andorra,AND,ok,,and.png,,,,,,,,
Maldives,MDV,ok,,mdv.png,,,,,,,,
Chinese Taipei,TPE,ok,,tpe.png,,,,,,,,
Cambodia,CAM,ok,,cam.png,,,,,,,,
Montserrat,MSR,ok,,msr.png,,,,,,,,
Nepal,NEP,ok,,nep.png,,,,,,,,
Mauritius,MRI,ok,,mri.png,,,,,,,,
Barbados,BRB,ok,,brb.png,,,,,,,,
Belize,BLZ,ok,,blz.png,,,,,,,,
Bangladesh,BAN,ok,,ban.png,,,,,,,,
Dominica,DMA,ok,,dma.png,,,,,,,,
Chad,CHA,ok,,cha.png,,,,,,,,
Eritrea,ERI,ok,,eri.png,,,,,,,,
Laos,LAO,ok,,lao.png,,,,,,,,
Cook Islands,COK,ok,,cok.jpg,,,,,,,,
Sri Lanka,SRI,ok,Sri Lanka,sri.png,File:Flag of Sri Lanka vertical v2.svg,https://upload.wikimedia.org/wikipedia/commons/thumb/e/ec/Flag_of_Sri_Lanka_vertical_v2.svg/250px-Flag_of_Sri_Lanka_vertical_v2.svg.png,https://commons.wikimedia.org/wiki/File:Flag%20of%20Sri%20Lanka%20vertical%20v2.svg,CC0,http://creativecommons.org/publicdomain/zero/1.0/deed.en,Wijaya Kumara,Own work,
Samoa,SAM,ok,,sam.png,,,,,,,,
Aruba,ARU,ok,,aru.png,,,,,,,,
Mongolia,MNG,ok,,mng.png,,,,,,,,
American Samoa,ASA,ok,,asa.png,,,,,,,,
Bhutan,BHU,ok,,bhu.png,,,,,,,,
Macau,MAC,ok,,mac.png,,,,,,,,
Brunei,BRU,ok,,bru.png,,,,,,,,
São Tomé and Príncipe,STP,ok,,stp.png,,,,,,,,
Djibouti,DJI,ok,,dji.png,,,,,,,,
Cayman Islands,CAY,ok,,cay.png,,,,,,,,
Pakistan,PAK,ok,,pak.png,,,,,,,,
Somalia,SOM,ok,,som.png,,,,,,,,
Tonga,TGA,ok,,tga.png,,,,,,,,
Timor-Leste,TLS,ok,,tls.png,,,,,,,,
Gibraltar,GIB,ok,,gib.png,,,,,,,,
Guam,GUM,ok,,gum.png,,,,,,,,
Seychelles,SEY,ok,,sey.png,,,,,,,,
Turks and Caicos Islands,TCA,ok,,tca.png,,,,,,,,
Liechtenstein,LIE,ok,,lie.png,,,,,,,,
Bahamas,BAH,ok,,bah.png,,,,,,,,
US Virgin Islands,VIR,ok,,vir.png,,,,,,,,
British Virgin Islands,VGB,ok,,vgb.png,,,,,,,,
Anguilla,AIA,ok,,aia.png,,,,,,,,
San Marino,SMR,ok,,smr.png,,,,,,,,
